jobId,jobTitleClean,companyName,city,seniority,contractType,workType,sector,publishedAt,keywordMatchScorePercentage,matchedKeywords,unmatchedKeywords,jobUrl
4315928754,Staff Software Engineer,Asana,Warsaw,senior,Full-time,Engineering and Information Technology,Software Development,2026-07-07T00:00:00.000Z,0,"",Python|SQL|PySpark|Databricks|Git|Machine Learning|Azure|C++,https://pl.linkedin.com/jobs/view/staff-software-engineer-at-asana-4315928754?trk=public_jobs_topcard-title
4319846211,"Software Engineer, Data Infrastructure",Asana,Warsaw,mid,Full-time,Engineering and Information Technology,Software Development,2026-07-01T00:00:00.000Z,50,Python|PySpark|Databricks|Azure,SQL|Git|Machine Learning|C++,https://pl.linkedin.com/jobs/view/software-engineer-data-infrastructure-at-asana-4319846211?trk=public_jobs_topcard-title
4320189469,Data and AI DevOps Engineer,EY,Warsaw,mid,Full-time,Engineering and Information Technology,Professional Services,2026-06-27T00:00:00.000Z,63,Python|PySpark|Databricks|Git|Azure,SQL|Machine Learning|C++,https://pl.linkedin.com/jobs/view/data-and-ai-devops-engineer-at-ey-4320189469?trk=public_jobs_topcard-title
4320425081,AI Engineer (Python Software Engineer + GenAI) | Digital&IPA (freelance),PwC Polska,Warsaw,unspecified,Full-time,Engineering and Information Technology,Business Consulting and Services,2026-06-22T00:00:00.000Z,50,Python|SQL|Git|Azure,PySpark|Databricks|Machine Learning|C++,https://pl.linkedin.com/jobs/view/ai-engineer-python-software-engineer-%2B-genai-digital-ipa-freelance-at-pwc-polska-4320425081?trk=public_jobs_topcard-title
4327979568,Data & AI Engineer with MS Fabric or Databricks - Junior/Mid/Senior,Accenture Poland,Warsaw,senior,Full-time,Engineering and Information Technology,IT Services and IT Consulting,2026-07-10T00:00:00.000Z,63,Python|SQL|PySpark|Databricks|Azure,Git|Machine Learning|C++,https://pl.linkedin.com/jobs/view/data-ai-engineer-with-ms-fabric-or-databricks-junior-mid-senior-at-accenture-poland-4327979568?trk=public_jobs_topcard-title
4328059432,Equipment Data Management & Migration Consultant,Accenture Poland,Warsaw,junior,Full-time,Strategy/Planning and Consulting,Business Consulting and Services,2026-07-10T00:00:00.000Z,0,"",Python|SQL|PySpark|Databricks|Git|Machine Learning|Azure|C++,https://pl.linkedin.com/jobs/view/equipment-data-management-migration-consultant-at-accenture-poland-4328059432?trk=public_jobs_topcard-title
4338293868,Data Engineer (Process Mining) | f/m/d,ERGO,Warsaw,mid,Full-time,Information Technology,IT Services and IT Consulting,2026-06-19T00:00:00.000Z,50,Python|SQL|Machine Learning|C++,PySpark|Databricks|Git|Azure,https://pl.linkedin.com/jobs/view/data-engineer-process-mining-f-m-d-at-ergo-4338293868?trk=public_jobs_topcard-title
4364812513,Senior / Expert AWS AI Engineer,Nordea,Warsaw,senior,Full-time,Engineering and Information Technology,Banking,2026-06-20T00:00:00.000Z,38,Python|PySpark|Machine Learning,SQL|Databricks|Git|Azure|C++,https://pl.linkedin.com/jobs/view/senior-expert-aws-ai-engineer-at-nordea-4364812513?trk=public_jobs_topcard-title
4370447390,Data Engineer,PwC Polska,Warsaw,unspecified,Full-time,Information Technology,Business Consulting and Services,2026-07-11T00:00:00.000Z,75,Python|SQL|PySpark|Databricks|Git|Azure,Machine Learning|C++,https://pl.linkedin.com/jobs/view/data-engineer-at-pwc-polska-4370447390?trk=public_jobs_topcard-title
4372620493,Staff Data Engineer (Reporting & Analytics) (f/m/d) - Kraków (onsite) OR Poland (remote),Danaher,Warsaw,senior,Full-time,Information Technology,Medical Equipment Manufacturing,2026-06-26T00:00:00.000Z,38,PySpark|Databricks|Azure,Python|SQL|Git|Machine Learning|C++,https://pl.linkedin.com/jobs/view/staff-data-engineer-reporting-analytics-f-m-d-krak%C3%B3w-onsite-or-poland-remote-at-danaher-4372620493?trk=public_jobs_topcard-title
4373822008,Data Engineer / 1,Inetum,Warsaw,mid,Full-time,Other,IT Services and IT Consulting,2026-06-25T00:00:00.000Z,63,Python|SQL|PySpark|Databricks|Machine Learning,Git|Azure|C++,https://pl.linkedin.com/jobs/view/data-engineer-1-at-inetum-4373822008?trk=public_jobs_topcard-title
4374776790,Junior Data Engineer / IB,Inetum,Warsaw,junior,Full-time,Other,IT Services and IT Consulting,2026-06-28T00:00:00.000Z,25,SQL|Azure,Python|PySpark|Databricks|Git|Machine Learning|C++,https://pl.linkedin.com/jobs/view/junior-data-engineer-ib-at-inetum-4374776790?trk=public_jobs_topcard-title
4375197895,Data Engineer | TMB,Inetum,Warsaw,mid,Full-time,Engineering,Software Development,2026-06-28T00:00:00.000Z,38,Python|SQL|PySpark,Databricks|Git|Machine Learning|Azure|C++,https://pl.linkedin.com/jobs/view/data-engineer-tmb-at-inetum-4375197895?trk=public_jobs_topcard-title
4377953195,Data Platform Engineer,Brightstar Lottery,Warsaw,unspecified,Full-time,Engineering and Information Technology,IT Services and IT Consulting,2026-06-26T00:00:00.000Z,50,Python|SQL|Machine Learning|Azure,PySpark|Databricks|Git|C++,https://pl.linkedin.com/jobs/view/data-platform-engineer-at-brightstar-lottery-4377953195?trk=public_jobs_topcard-title
4385038853,Data and AI Solutions Engineer,EY,Warsaw,mid,Full-time,Engineering and Information Technology,Professional Services,2026-07-04T00:00:00.000Z,88,Python|SQL|PySpark|Databricks|Git|Machine Learning|Azure,C++,https://pl.linkedin.com/jobs/view/data-and-ai-solutions-engineer-at-ey-4385038853?trk=public_jobs_topcard-title
4386976022,Junior Data Engineer / 1,Inetum,Warsaw,junior,Full-time,Information Technology,IT Services and IT Consulting,2026-07-02T00:00:00.000Z,38,Python|PySpark|Machine Learning,SQL|Databricks|Git|Azure|C++,https://pl.linkedin.com/jobs/view/junior-data-engineer-1-at-inetum-4386976022?trk=public_jobs_topcard-title
4388530860,API Engineer (Python),IDC,Warsaw,unspecified,Full-time,Engineering and Information Technology,"Technology, Information and Internet",2026-07-09T00:00:00.000Z,13,Python,SQL|PySpark|Databricks|Git|Machine Learning|Azure|C++,https://pl.linkedin.com/jobs/view/api-engineer-python-at-idc-4388530860?trk=public_jobs_topcard-title
4389992396,Senior Data Engineer,Samba,Warsaw,senior,Full-time,Information Technology,"Technology, Information and Internet",2026-07-10T00:00:00.000Z,38,Python|PySpark|Databricks,SQL|Git|Machine Learning|Azure|C++,https://pl.linkedin.com/jobs/view/senior-data-engineer-at-samba-4389992396?trk=public_jobs_topcard-title
4390356774,Cloud Engineer,Samba,Warsaw,unspecified,Full-time,Engineering and Information Technology,"Technology, Information and Internet",2026-07-10T00:00:00.000Z,13,Python,SQL|PySpark|Databricks|Git|Machine Learning|Azure|C++,https://pl.linkedin.com/jobs/view/cloud-engineer-at-samba-4390356774?trk=public_jobs_topcard-title
4398844068,Data Platform Engineer (DevOps / Cloud),Deloitte,Warsaw,unspecified,Full-time,Engineering and Information Technology,Business Consulting and Services,2026-07-05T00:00:00.000Z,63,Python|SQL|Databricks|Git|Azure,PySpark|Machine Learning|C++,https://pl.linkedin.com/jobs/view/data-platform-engineer-devops-cloud-at-deloitte-4398844068?trk=public_jobs_topcard-title
4404484346,Software Engineer,Moderna,Warsaw,unspecified,Full-time,Engineering and Information Technology,Biotechnology Research,2026-06-26T00:00:00.000Z,25,Python|Git,SQL|PySpark|Databricks|Machine Learning|Azure|C++,https://pl.linkedin.com/jobs/view/software-engineer-at-moderna-4404484346?trk=public_jobs_topcard-title
4406071996,Data Engineer,Procter & Gamble,Warsaw,unspecified,Full-time,"Project Management, Design, and Information Technology",Manufacturing,2026-07-03T00:00:00.000Z,75,Python|SQL|PySpark|Databricks|Git|Azure,Machine Learning|C++,https://pl.linkedin.com/jobs/view/data-engineer-at-procter-gamble-4406071996?trk=public_jobs_topcard-title
4407331699,Sr. Software Engineer - Portfolio Services,Addepar,Warsaw,unspecified,Full-time,Engineering and Information Technology,Software Development,2026-07-03T00:00:00.000Z,0,"",Python|SQL|PySpark|Databricks|Git|Machine Learning|Azure|C++,https://pl.linkedin.com/jobs/view/sr-software-engineer-portfolio-services-at-addepar-4407331699?trk=public_jobs_topcard-title
4407342608,Sr. Software Engineer - Portfolio Data Workflows,Addepar,Warsaw,unspecified,Full-time,Engineering and Information Technology,Software Development,2026-07-02T00:00:00.000Z,13,SQL,Python|PySpark|Databricks|Git|Machine Learning|Azure|C++,https://pl.linkedin.com/jobs/view/sr-software-engineer-portfolio-data-workflows-at-addepar-4407342608?trk=public_jobs_topcard-title
4410248941,Data & AI Solutions Engineer – F/H/X,Amaris Consulting,Warsaw Metropolitan Area,unspecified,Contract,Engineering and Information Technology,IT Services and IT Consulting,2026-07-08T00:00:00.000Z,0,"",Python|SQL|PySpark|Databricks|Git|Machine Learning|Azure|C++,https://pl.linkedin.com/jobs/view/data-ai-solutions-engineer-%E2%80%93-f-h-x-at-amaris-consulting-4410248941?trk=public_jobs_topcard-title
4411390734,Data Engineer,Asana,Warsaw,mid,Full-time,Information Technology,Software Development,2026-06-21T00:00:00.000Z,50,Python|SQL|PySpark|Databricks,Git|Machine Learning|Azure|C++,https://pl.linkedin.com/jobs/view/data-engineer-at-asana-4411390734?trk=public_jobs_topcard-title
4411760921,Data Engineer,Aristocrat,Warsaw,mid,Full-time,Information Technology,Gambling Facilities and Casinos,2026-06-20T00:00:00.000Z,75,Python|SQL|PySpark|Databricks|Machine Learning|Azure,Git|C++,https://pl.linkedin.com/jobs/view/data-engineer-at-aristocrat-4411760921?trk=public_jobs_topcard-title
4414341797,Software Engineer 5 - Python Platform,Netflix,Warsaw,unspecified,Full-time,Other,Entertainment Providers,2026-07-04T00:00:00.000Z,50,Python|PySpark|Git|Machine Learning,SQL|Databricks|Azure|C++,https://pl.linkedin.com/jobs/view/software-engineer-5-python-platform-at-netflix-4414341797?trk=public_jobs_topcard-title
4414914512,Data Developer,CANAL+ Group,Warsaw,unspecified,Full-time,"Advertising, Business Development, and Marketing",Broadcast Media Production and Distribution,2026-07-08T00:00:00.000Z,25,SQL|Git,Python|PySpark|Databricks|Machine Learning|Azure|C++,https://pl.linkedin.com/jobs/view/data-developer-at-canal%2B-group-4414914512?trk=public_jobs_topcard-title
4416233224,Analytics Engineer III,Box,Warsaw,mid,Full-time,Engineering,"Construction, Software Development, and IT Services and IT Consulting",2026-06-18T00:00:00.000Z,38,Python|SQL|PySpark,Databricks|Git|Machine Learning|Azure|C++,https://pl.linkedin.com/jobs/view/analytics-engineer-iii-at-box-4416233224?trk=public_jobs_topcard-title
4416249613,Data Platform Engineer,Verifone,Warsaw,mid,Full-time,Information Technology and Engineering,Banking,2026-06-15T00:00:00.000Z,38,Python|SQL|Machine Learning,PySpark|Databricks|Git|Azure|C++,https://pl.linkedin.com/jobs/view/data-platform-engineer-at-verifone-4416249613?trk=public_jobs_topcard-title
4416822402,Media Data Engineer (Databricks),Procter & Gamble,Warsaw,unspecified,Full-time,"Project Management, Design, and Information Technology",Manufacturing,2026-07-08T00:00:00.000Z,50,SQL|PySpark|Databricks|Git,Python|Machine Learning|Azure|C++,https://pl.linkedin.com/jobs/view/media-data-engineer-databricks-at-procter-gamble-4416822402?trk=public_jobs_topcard-title
4417702775,"Forward Deployed Engineer, Applied AI",Snowflake,Warsaw,unspecified,Full-time,Engineering and Information Technology,Software Development,2026-07-11T00:00:00.000Z,50,Python|SQL|Machine Learning|Azure,PySpark|Databricks|Git|C++,https://pl.linkedin.com/jobs/view/forward-deployed-engineer-applied-ai-at-snowflake-4417702775?trk=public_jobs_topcard-title
4417930844,Software Engineer,Circle K,Warsaw,mid,Full-time,Engineering and Information Technology,Retail,2026-07-11T00:00:00.000Z,75,Python|SQL|PySpark|Databricks|Git|Azure,Machine Learning|C++,https://pl.linkedin.com/jobs/view/software-engineer-at-circle-k-4417930844?trk=public_jobs_topcard-title
4418769301,Big Data Engineer with Java,ING Hubs Poland,Warsaw,mid,Full-time,Other,"Banking, Information Services, and Financial Services",2026-06-24T00:00:00.000Z,38,Python|PySpark|Azure,SQL|Databricks|Git|Machine Learning|C++,https://pl.linkedin.com/jobs/view/big-data-engineer-with-java-at-ing-hubs-poland-4418769301?trk=public_jobs_topcard-title
4419030296,Mid Data Engineer (Data & AI Factory),Devoteam,Warsaw,mid,Full-time,Customer Service,IT Services and IT Consulting,2026-07-09T00:00:00.000Z,38,Python|SQL|PySpark,Databricks|Git|Machine Learning|Azure|C++,https://pl.linkedin.com/jobs/view/mid-data-engineer-data-ai-factory-at-devoteam-4419030296?trk=public_jobs_topcard-title
4419676553,"Staff Software Engineer, AI",Asana,Warsaw,senior,Full-time,Engineering and Information Technology,Software Development,2026-06-24T00:00:00.000Z,13,Machine Learning,Python|SQL|PySpark|Databricks|Git|Azure|C++,https://pl.linkedin.com/jobs/view/staff-software-engineer-ai-at-asana-4419676553?trk=public_jobs_topcard-title
4421723702,Senior Data Engineer (M/F/D),DSV - Global Transport and Logistics,Warsaw,senior,Full-time,Information Technology,"Transportation, Logistics, Supply Chain and Storage",2026-07-10T00:00:00.000Z,50,SQL|PySpark|Databricks|Azure,Python|Git|Machine Learning|C++,https://pl.linkedin.com/jobs/view/senior-data-engineer-m-f-d-at-dsv-global-transport-and-logistics-4421723702?trk=public_jobs_topcard-title
4422543197,Senior Data Platform Engineer,Moderna,Warsaw,senior,Full-time,Engineering and Information Technology,Biotechnology Research,2026-06-21T00:00:00.000Z,63,Python|SQL|PySpark|Databricks|Machine Learning,Git|Azure|C++,https://pl.linkedin.com/jobs/view/senior-data-platform-engineer-at-moderna-4422543197?trk=public_jobs_topcard-title
4422683856,Data Engineer (with Snowflake/Databricks),Sollers Consulting,Warsaw,mid,Full-time,Information Technology,IT Services and IT Consulting,2026-06-24T00:00:00.000Z,75,Python|SQL|PySpark|Databricks|Machine Learning|Azure,Git|C++,https://pl.linkedin.com/jobs/view/data-engineer-with-snowflake-databricks-at-sollers-consulting-4422683856?trk=public_jobs_topcard-title
4422764688,BI Engineer,TD SYNNEX Poland,Warsaw,unspecified,Full-time,Business Development and Sales,IT Services and IT Consulting,2026-07-04T00:00:00.000Z,13,SQL,Python|PySpark|Databricks|Git|Machine Learning|Azure|C++,https://pl.linkedin.com/jobs/view/bi-engineer-at-td-synnex-poland-4422764688?trk=public_jobs_topcard-title
4423267959,"Software Engineer, Automation Platform & Workflows",Waymo,Warsaw,unspecified,Full-time,Engineering and Information Technology,"Technology, Information and Internet",2026-06-23T00:00:00.000Z,13,C++,Python|SQL|PySpark|Databricks|Git|Machine Learning|Azure,https://pl.linkedin.com/jobs/view/software-engineer-automation-platform-workflows-at-waymo-4423267959?trk=public_jobs_topcard-title
4424759439,"Senior Data Engineer, Marketing Customer Profile (f/m/x)",HelloFresh,Warsaw,senior,Full-time,Information Technology,Consumer Services,2026-06-27T00:00:00.000Z,63,Python|SQL|PySpark|Databricks|Machine Learning,Git|Azure|C++,https://pl.linkedin.com/jobs/view/senior-data-engineer-marketing-customer-profile-f-m-x-at-hellofresh-4424759439?trk=public_jobs_topcard-title
4425773260,Cloud Data Engineer (f/m/x),Sii Poland,Warsaw,mid,Full-time,Engineering,IT Services and IT Consulting,2026-07-06T00:00:00.000Z,75,Python|SQL|PySpark|Databricks|Machine Learning|Azure,Git|C++,https://pl.linkedin.com/jobs/view/cloud-data-engineer-f-m-x-at-sii-poland-4425773260?trk=public_jobs_topcard-title
4426867206,Data Engineer - HR support (m/f/n),InPost,Warsaw,mid,Full-time,Analyst,Freight and Package Transportation,2026-07-08T00:00:00.000Z,38,Python|SQL|Databricks,PySpark|Git|Machine Learning|Azure|C++,https://pl.linkedin.com/jobs/view/data-engineer-hr-support-m-f-n-at-inpost-4426867206?trk=public_jobs_topcard-title
4427145934,Principal Data Platform Engineer,BioSpace,Warsaw,senior,Full-time,Engineering and Information Technology,Internet News,2026-06-12T00:00:00.000Z,38,Python|Databricks|Machine Learning,SQL|PySpark|Git|Azure|C++,https://pl.linkedin.com/jobs/view/principal-data-platform-engineer-at-biospace-4427145934?trk=public_jobs_topcard-title
4427329766,Big Data Engineer (junior/mid),ING Hubs Poland,Warsaw,junior,Full-time,Other,"Banking, Information Services, and Financial Services",2026-06-17T00:00:00.000Z,13,PySpark,Python|SQL|Databricks|Git|Machine Learning|Azure|C++,https://pl.linkedin.com/jobs/view/big-data-engineer-junior-mid-at-ing-hubs-poland-4427329766?trk=public_jobs_topcard-title
4427385322,Senior Data Engineer (Snowflake & Azure) | Cloud & Engineering,Deloitte,Warsaw,senior,Full-time,Information Technology,Business Consulting and Services,2026-07-09T00:00:00.000Z,38,Python|SQL|Azure,PySpark|Databricks|Git|Machine Learning|C++,https://pl.linkedin.com/jobs/view/senior-data-engineer-snowflake-azure-cloud-engineering-at-deloitte-4427385322?trk=public_jobs_topcard-title
4427553559,Data Engineer,Software Mind,Warsaw,unspecified,Full-time,Information Technology,IT Services and IT Consulting,2026-07-03T00:00:00.000Z,13,SQL,Python|PySpark|Databricks|Git|Machine Learning|Azure|C++,https://pl.linkedin.com/jobs/view/data-engineer-at-software-mind-4427553559?trk=public_jobs_topcard-title
4427996776,Senior Robotics Data Engineer,Nomagic,Warsaw,senior,Full-time,Information Technology,Robotics Engineering,2026-06-12T00:00:00.000Z,13,Python,SQL|PySpark|Databricks|Git|Machine Learning|Azure|C++,https://pl.linkedin.com/jobs/view/senior-robotics-data-engineer-at-nomagic-4427996776?trk=public_jobs_topcard-title
4428198663,Reconciliation & Analysis Modernization - Associate,JPMorganChase,Warsaw,mid,Full-time,Administrative,Financial Services,2026-06-30T00:00:00.000Z,50,Python|SQL|PySpark|Databricks,Git|Machine Learning|Azure|C++,https://pl.linkedin.com/jobs/view/reconciliation-analysis-modernization-associate-at-jpmorganchase-4428198663?trk=public_jobs_topcard-title
4428356374,Data Engineer,Integral Solutions - Data & AI,Warsaw,mid,Full-time,Information Technology,Banking,2026-06-13T00:00:00.000Z,25,Python|SQL,PySpark|Databricks|Git|Machine Learning|Azure|C++,https://pl.linkedin.com/jobs/view/data-engineer-at-integral-solutions-data-ai-4428356374?trk=public_jobs_topcard-title
4428826966,Data Engineer,Luxoft Poland,Warsaw Metropolitan Area,mid,Full-time,Information Technology,IT Services and IT Consulting,2026-06-15T00:00:00.000Z,38,Python|SQL|C++,PySpark|Databricks|Git|Machine Learning|Azure,https://pl.linkedin.com/jobs/view/data-engineer-at-luxoft-poland-4428826966?trk=public_jobs_topcard-title
4428934242,Middle Data Engineer (Azure Databricks),Miratech,Warsaw,mid,Full-time,Information Technology,Software Development and IT Services and IT Consulting,2026-06-22T00:00:00.000Z,50,SQL|PySpark|Databricks|Azure,Python|Git|Machine Learning|C++,https://pl.linkedin.com/jobs/view/middle-data-engineer-azure-databricks-at-miratech-4428934242?trk=public_jobs_topcard-title
4429097956,"Software Engineer, SRE, Data Cloud Platform (AI)",Google,Warsaw,unspecified,Full-time,Information Technology and Engineering,"Information Services and Technology, Information and Internet",2026-07-10T00:00:00.000Z,0,"",Python|SQL|PySpark|Databricks|Git|Machine Learning|Azure|C++,https://pl.linkedin.com/jobs/view/software-engineer-sre-data-cloud-platform-ai-at-google-4429097956?trk=public_jobs_topcard-title
4429213989,Data Engineer - Data Platform,Allegro,Warsaw,mid,Full-time,Information Technology,"Internet Marketplace Platforms and Technology, Information and Media",2026-06-16T00:00:00.000Z,50,Python|PySpark|Git|Machine Learning,SQL|Databricks|Azure|C++,https://pl.linkedin.com/jobs/view/data-engineer-data-platform-at-allegro-4429213989?trk=public_jobs_topcard-title
4429327700,"Software Engineer III, Vertex Inference",Google,Warsaw,unspecified,Full-time,Information Technology and Engineering,"Information Services and Technology, Information and Internet",2026-07-10T00:00:00.000Z,13,Machine Learning,Python|SQL|PySpark|Databricks|Git|Azure|C++,https://pl.linkedin.com/jobs/view/software-engineer-iii-vertex-inference-at-google-4429327700?trk=public_jobs_topcard-title
4429384037,Data Analyst,Flying Bisons,Warsaw,unspecified,Full-time,Information Technology,Design Services,2026-06-18T00:00:00.000Z,38,Python|SQL|Git,PySpark|Databricks|Machine Learning|Azure|C++,https://pl.linkedin.com/jobs/view/data-analyst-at-flying-bisons-4429384037?trk=public_jobs_topcard-title
4429459271,Data Engineer (AI/ML),Awin Global,Warsaw,mid,Full-time,Information Technology,Advertising Services,2026-06-23T00:00:00.000Z,63,Python|PySpark|Databricks|Machine Learning|Azure,SQL|Git|C++,https://pl.linkedin.com/jobs/view/data-engineer-ai-ml-at-awin-global-4429459271?trk=public_jobs_topcard-title
4429793543,Tech Lead – Databricks & Data Platform,Sollers Consulting,Warsaw,senior,Full-time,Design,IT Services and IT Consulting and Insurance,2026-06-17T00:00:00.000Z,63,Python|SQL|PySpark|Databricks|Azure,Git|Machine Learning|C++,https://pl.linkedin.com/jobs/view/tech-lead-%E2%80%93-databricks-data-platform-at-sollers-consulting-4429793543?trk=public_jobs_topcard-title
4429868804,Senior Database Engineer,Rydoo,Warsaw Metropolitan Area,senior,Full-time,Production,Software Development and Financial Services,2026-06-24T00:00:00.000Z,63,Python|SQL|PySpark|Git|Azure,Databricks|Machine Learning|C++,https://pl.linkedin.com/jobs/view/senior-database-engineer-at-rydoo-4429868804?trk=public_jobs_topcard-title
4429944904,AI / Machine Learning Engineer Leaders and Decision-Makers for Workflow Management Tools - Poland,Prolific,Warsaw,unspecified,Temporary,Engineering and Information Technology,Software Development,2026-06-17T00:00:00.000Z,38,Git|Machine Learning|Azure,Python|SQL|PySpark|Databricks|C++,https://pl.linkedin.com/jobs/view/ai-machine-learning-engineer-leaders-and-decision-makers-for-workflow-management-tools-poland-at-prolific-4429944904?trk=public_jobs_topcard-title
4430428890,Senior Cloud Engineer Analytics & AI Platform,Bayer,Warsaw,senior,Full-time,Engineering and Information Technology,"Chemical Manufacturing, Pharmaceutical Manufacturing, and Biotechnology Research",2026-07-02T00:00:00.000Z,50,Databricks|Git|Machine Learning|Azure,Python|SQL|PySpark|C++,https://pl.linkedin.com/jobs/view/senior-cloud-engineer-analytics-ai-platform-at-bayer-4430428890?trk=public_jobs_topcard-title
4430443023,DevOps Software Engineer (Gitlab),BME | Bolsas y Mercados Españoles,Warsaw,mid,Full-time,Information Technology,Capital Markets,2026-06-18T00:00:00.000Z,38,Python|Git|Azure,SQL|PySpark|Databricks|Machine Learning|C++,https://pl.linkedin.com/jobs/view/devops-software-engineer-gitlab-at-bme-bolsas-y-mercados-espa%C3%B1oles-4430443023?trk=public_jobs_topcard-title
4430641775,"Platform Customer Success Engineer, Data & AI",Procter & Gamble,Warsaw,unspecified,Full-time,"Project Management, Design, and Information Technology",Manufacturing,2026-06-27T00:00:00.000Z,75,Python|SQL|PySpark|Databricks|Git|Azure,Machine Learning|C++,https://pl.linkedin.com/jobs/view/platform-customer-success-engineer-data-ai-at-procter-gamble-4430641775?trk=public_jobs_topcard-title
4431103170,Data engineer (Banking),Integral Solutions - Data & AI,Warsaw,unspecified,Full-time,Information Technology,IT Services and IT Consulting,2026-06-19T00:00:00.000Z,13,SQL,Python|PySpark|Databricks|Git|Machine Learning|Azure|C++,https://pl.linkedin.com/jobs/view/data-engineer-banking-at-integral-solutions-data-ai-4431103170?trk=public_jobs_topcard-title
4431118866,Data Engineer,Neurons Lab,Warsaw,unspecified,Full-time,Information Technology,IT Services and IT Consulting,2026-06-19T00:00:00.000Z,38,Python|SQL|PySpark,Databricks|Git|Machine Learning|Azure|C++,https://pl.linkedin.com/jobs/view/data-engineer-at-neurons-lab-4431118866?trk=public_jobs_topcard-title
4431598689,"Python Engineer, Data Platform",Balyasny Asset Management L.P.,Warsaw,mid,Full-time,Engineering,Financial Services,2026-06-30T00:00:00.000Z,25,Python|SQL,PySpark|Databricks|Git|Machine Learning|Azure|C++,https://pl.linkedin.com/jobs/view/python-engineer-data-platform-at-balyasny-asset-management-l-p-4431598689?trk=public_jobs_topcard-title
4432241583,Data Governance Platform Engineer,Luxoft Poland,Warsaw Metropolitan Area,mid,Full-time,Administrative and Accounting/Auditing,IT Services and IT Consulting,2026-06-23T00:00:00.000Z,13,Python,SQL|PySpark|Databricks|Git|Machine Learning|Azure|C++,https://pl.linkedin.com/jobs/view/data-governance-platform-engineer-at-luxoft-poland-4432241583?trk=public_jobs_topcard-title
4432245560,Data Analyst (m/f/d),InPost,Warsaw,mid,Full-time,Analyst,Freight and Package Transportation,2026-06-23T00:00:00.000Z,50,Python|SQL|PySpark|Databricks,Git|Machine Learning|Azure|C++,https://pl.linkedin.com/jobs/view/data-analyst-m-f-d-at-inpost-4432245560?trk=public_jobs_topcard-title
4432249452,Business Intelligence Developer,Base.com,Warsaw,mid,Full-time,Other,IT Services and IT Consulting,2026-06-23T00:00:00.000Z,25,SQL|Git,Python|PySpark|Databricks|Machine Learning|Azure|C++,https://pl.linkedin.com/jobs/view/business-intelligence-developer-at-base-com-4432249452?trk=public_jobs_topcard-title
4432553464,Data Analyst,Erste Bank Polska,Warsaw,unspecified,Full-time,Information Technology,Banking,2026-06-24T00:00:00.000Z,25,Python|SQL,PySpark|Databricks|Git|Machine Learning|Azure|C++,https://pl.linkedin.com/jobs/view/data-analyst-at-erste-bank-polska-4432553464?trk=public_jobs_topcard-title
4432646584,Data Engineer,Coty,Warsaw,mid,Other,Information Technology,Personal Care Product Manufacturing,2026-06-25T00:00:00.000Z,38,Python|SQL|Databricks,PySpark|Git|Machine Learning|Azure|C++,https://pl.linkedin.com/jobs/view/data-engineer-at-coty-4432646584?trk=public_jobs_topcard-title
4432794571,Senior Data Operations Engineer,LionHires Recruitment,Warsaw,senior,Full-time,Business Development,Software Development,2026-07-02T00:00:00.000Z,38,Python|SQL|Azure,PySpark|Databricks|Git|Machine Learning|C++,https://pl.linkedin.com/jobs/view/senior-data-operations-engineer-at-lionhires-recruitment-4432794571?trk=public_jobs_topcard-title
4432878485,Principal Data Engineer,Roche,Warsaw,senior,Full-time,Information Technology,"Pharmaceutical Manufacturing, Biotechnology Research, and Medical Equipment Manufacturing",2026-06-24T00:00:00.000Z,50,Python|SQL|PySpark|Azure,Databricks|Git|Machine Learning|C++,https://pl.linkedin.com/jobs/view/principal-data-engineer-at-roche-4432878485?trk=public_jobs_topcard-title
4433110560,Software Engineer (4/5) — Developer Platform,Netflix,Warsaw,unspecified,Full-time,Other,Entertainment Providers,2026-07-02T00:00:00.000Z,13,Python,SQL|PySpark|Databricks|Git|Machine Learning|Azure|C++,https://pl.linkedin.com/jobs/view/software-engineer-4-5-%E2%80%94-developer-platform-at-netflix-4433110560?trk=public_jobs_topcard-title
4433218911,Data Analytics Engineer,Bristol Myers Squibb EU Policy,Warsaw,unspecified,Full-time,Information Technology,Pharmaceutical Manufacturing,2026-06-26T00:00:00.000Z,38,SQL|Databricks|Machine Learning,Python|PySpark|Git|Azure|C++,https://pl.linkedin.com/jobs/view/data-analytics-engineer-at-bristol-myers-squibb-eu-policy-4433218911?trk=public_jobs_topcard-title
4433236378,"Senior Software Engineer, Data Platform Insights",Bolt,Warsaw,senior,Full-time,Engineering and Information Technology,Software Development,2026-06-26T00:00:00.000Z,38,Python|Databricks|Git,SQL|PySpark|Machine Learning|Azure|C++,https://pl.linkedin.com/jobs/view/senior-software-engineer-data-platform-insights-at-bolt-4433236378?trk=public_jobs_topcard-title
4433331943,Data Engineer-1,Bayer,Warsaw,unspecified,Full-time,Information Technology,"Chemical Manufacturing, Pharmaceutical Manufacturing, and Biotechnology Research",2026-06-25T00:00:00.000Z,38,Python|SQL|Azure,PySpark|Databricks|Git|Machine Learning|C++,https://pl.linkedin.com/jobs/view/data-engineer-1-at-bayer-4433331943?trk=public_jobs_topcard-title
4433341239,Analityk(-czka) danych,Erste Bank Polska,Warsaw,unspecified,Full-time,Information Technology,Banking,2026-06-25T00:00:00.000Z,13,SQL,Python|PySpark|Databricks|Git|Machine Learning|Azure|C++,https://pl.linkedin.com/jobs/view/analityk-czka-danych-at-erste-bank-polska-4433341239?trk=public_jobs_topcard-title
4433851899,Junior Data Engineer / R,Inetum,Warsaw,junior,Full-time,Information Technology,Software Development,2026-06-26T00:00:00.000Z,63,Python|SQL|PySpark|Databricks|Azure,Git|Machine Learning|C++,https://pl.linkedin.com/jobs/view/junior-data-engineer-r-at-inetum-4433851899?trk=public_jobs_topcard-title
4433899000,AWS Data Engineer,Us3 Consulting,Warsaw,mid,Contract,Information Technology,Information Technology & Services,2026-06-26T00:00:00.000Z,63,Python|SQL|PySpark|Git|Machine Learning,Databricks|Azure|C++,https://pl.linkedin.com/jobs/view/aws-data-engineer-at-us3-consulting-4433899000?trk=public_jobs_topcard-title
4433924540,Data Engineer,GFT Technologies Poland,Warsaw,mid,Full-time,Information Technology,IT Services and IT Consulting,2026-07-06T00:00:00.000Z,50,Python|SQL|PySpark|Databricks,Git|Machine Learning|Azure|C++,https://pl.linkedin.com/jobs/view/data-engineer-at-gft-technologies-poland-4433924540?trk=public_jobs_topcard-title
4433944371,Expert Data Engineer,GFT Technologies Poland,Warsaw,senior,Full-time,Information Technology,IT Services and IT Consulting,2026-07-06T00:00:00.000Z,50,Python|SQL|PySpark|Databricks,Git|Machine Learning|Azure|C++,https://pl.linkedin.com/jobs/view/expert-data-engineer-at-gft-technologies-poland-4433944371?trk=public_jobs_topcard-title
4434086725,"Software Engineer, Cloud",Redpanda Data,Warsaw,unspecified,Full-time,Engineering and Information Technology,Software Development,2026-06-27T00:00:00.000Z,25,SQL|Azure,Python|PySpark|Databricks|Git|Machine Learning|C++,https://pl.linkedin.com/jobs/view/software-engineer-cloud-at-redpanda-data-4434086725?trk=public_jobs_topcard-title
4434101838,Senior Databricks Data Engineer,Capgemini,Warsaw,senior,Full-time,Information Technology,IT Services and IT Consulting,2026-06-29T00:00:00.000Z,38,Python|Databricks|Azure,SQL|PySpark|Git|Machine Learning|C++,https://pl.linkedin.com/jobs/view/senior-databricks-data-engineer-at-capgemini-4434101838?trk=public_jobs_topcard-title
4434315893,"Data Engineer (Krakow/Wroclaw/Warsaw, Poland)",Unit8,Warsaw,mid,Full-time,Engineering,IT Services and IT Consulting,2026-06-30T00:00:00.000Z,50,Python|PySpark|Databricks|Machine Learning,SQL|Git|Azure|C++,https://pl.linkedin.com/jobs/view/data-engineer-krakow-wroclaw-warsaw-poland-at-unit8-4434315893?trk=public_jobs_topcard-title
4434441354,Solution Architect (Advanced Analytics) | f/m/d,ERGO,Warsaw,senior,Full-time,Information Technology,Insurance and IT Services and IT Consulting,2026-06-29T00:00:00.000Z,50,Python|Databricks|Machine Learning|Azure,SQL|PySpark|Git|C++,https://pl.linkedin.com/jobs/view/solution-architect-advanced-analytics-f-m-d-at-ergo-4434441354?trk=public_jobs_topcard-title
4434465677,GCP Data Governance Engineer - Customer Value and Digital Engagement Department,T-Mobile Polska,Warsaw,mid,Contract,Information Technology,Telecommunications,2026-06-29T00:00:00.000Z,38,Python|SQL|PySpark,Databricks|Git|Machine Learning|Azure|C++,https://pl.linkedin.com/jobs/view/gcp-data-governance-engineer-customer-value-and-digital-engagement-department-at-t-mobile-polska-4434465677?trk=public_jobs_topcard-title
4434511965,Analityk ds. Modelowania Danych / Analityk wsparcia tradingu,Polenergia,Warsaw,mid,Full-time,Analyst,"Renewable Energy Semiconductor Manufacturing, Services for Renewable Energy, and Data Infrastructure and Analytics",2026-07-07T00:00:00.000Z,25,Python|SQL,PySpark|Databricks|Git|Machine Learning|Azure|C++,https://pl.linkedin.com/jobs/view/analityk-ds-modelowania-danych-analityk-wsparcia-tradingu-at-polenergia-4434511965?trk=public_jobs_topcard-title
4434581064,Programista / Data Engineer (BI) (k/m) Lokalizacja: Aleje Stanów Zjednoczonych 61,Cyfrowy Polsat S.A.,Warsaw,unspecified,Full-time,Information Technology,Telecommunications,2026-07-07T00:00:00.000Z,50,Python|SQL|PySpark|Machine Learning,Databricks|Git|Azure|C++,https://pl.linkedin.com/jobs/view/programista-data-engineer-bi-k-m-lokalizacja-aleje-stan%C3%B3w-zjednoczonych-61-at-cyfrowy-polsat-s-a-4434581064?trk=public_jobs_topcard-title
4435100244,Senior Software Backend Engineer,Box,Warsaw,senior,Full-time,Engineering,"Construction, Software Development, and IT Services and IT Consulting",2026-07-09T00:00:00.000Z,25,Git|Azure,Python|SQL|PySpark|Databricks|Machine Learning|C++,https://pl.linkedin.com/jobs/view/senior-software-backend-engineer-at-box-4435100244?trk=public_jobs_topcard-title
4435102056,Junior Data Analyst (Power BI),IT Squad,Warsaw,junior,Full-time,Information Technology,IT Services and IT Consulting,2026-06-30T00:00:00.000Z,13,SQL,Python|PySpark|Databricks|Git|Machine Learning|Azure|C++,https://pl.linkedin.com/jobs/view/junior-data-analyst-power-bi-at-it-squad-4435102056?trk=public_jobs_topcard-title
4435453076,Senior Databricks Data Engineer,Capgemini,Warsaw,senior,Full-time,Information Technology and Management,IT Services and IT Consulting,2026-07-03T00:00:00.000Z,75,Python|SQL|PySpark|Databricks|Machine Learning|Azure,Git|C++,https://pl.linkedin.com/jobs/view/senior-databricks-data-engineer-at-capgemini-4435453076?trk=public_jobs_topcard-title
4435456234,Data Engineer,act digital EMEA - Alter Solutions,Warsaw Metropolitan Area,mid,Full-time,Engineering,Software Development,2026-07-03T00:00:00.000Z,25,Python|SQL,PySpark|Databricks|Git|Machine Learning|Azure|C++,https://pl.linkedin.com/jobs/view/data-engineer-at-act-digital-emea-alter-solutions-4435456234?trk=public_jobs_topcard-title
4435462651,Junior Azure Data Engineer with Databricks (AI&Data),Accenture Poland,Warsaw,junior,Full-time,Information Technology,IT Services and IT Consulting,2026-07-03T00:00:00.000Z,63,SQL|PySpark|Databricks|Git|Azure,Python|Machine Learning|C++,https://pl.linkedin.com/jobs/view/junior-azure-data-engineer-with-databricks-ai-data-at-accenture-poland-4435462651?trk=public_jobs_topcard-title
4435526614,Data Engineer with Microsoft Fabric (f/m/x),Sii Poland,Warsaw,mid,Full-time,Engineering,IT Services and IT Consulting,2026-07-01T00:00:00.000Z,63,Python|SQL|PySpark|Databricks|Azure,Git|Machine Learning|C++,https://pl.linkedin.com/jobs/view/data-engineer-with-microsoft-fabric-f-m-x-at-sii-poland-4435526614?trk=public_jobs_topcard-title
4435608155,SAP BW / BDC Developer (Data Engineer - SAP Data & BI) (m/f/d),TD SYNNEX Poland,Warsaw,unspecified,Full-time,Information Technology,IT Services and IT Consulting,2026-07-08T00:00:00.000Z,13,SQL,Python|PySpark|Databricks|Git|Machine Learning|Azure|C++,https://pl.linkedin.com/jobs/view/sap-bw-bdc-developer-data-engineer-sap-data-bi-m-f-d-at-td-synnex-poland-4435608155?trk=public_jobs_topcard-title
4435653150,Data Engineer z GCP (f/m/x),Sii Poland,Warsaw,mid,Full-time,Engineering,IT Services and IT Consulting,2026-07-09T00:00:00.000Z,75,Python|SQL|PySpark|Databricks|Git|Machine Learning,Azure|C++,https://pl.linkedin.com/jobs/view/data-engineer-z-gcp-f-m-x-at-sii-poland-4435653150?trk=public_jobs_topcard-title
4435667235,Analytical Engineer (f/m/d),Awin Global,Warsaw,mid,Full-time,Management and Manufacturing,Advertising Services,2026-07-09T00:00:00.000Z,25,SQL|Databricks,Python|PySpark|Git|Machine Learning|Azure|C++,https://pl.linkedin.com/jobs/view/analytical-engineer-f-m-d-at-awin-global-4435667235?trk=public_jobs_topcard-title
4435685615,Manufacturing Systems Integration Data Engineer,GSK,Warsaw,unspecified,Full-time,"Analyst, Information Technology, and Consulting",Pharmaceutical Manufacturing,2026-07-09T00:00:00.000Z,25,SQL|Azure,Python|PySpark|Databricks|Git|Machine Learning|C++,https://pl.linkedin.com/jobs/view/manufacturing-systems-integration-data-engineer-at-gsk-4435685615?trk=public_jobs_topcard-title
4435900381,Data & Software Engineer 5 — System Insights & Productivity Metrics,Netflix,Warsaw,unspecified,Full-time,Other,Entertainment Providers,2026-07-09T00:00:00.000Z,38,SQL|PySpark|Machine Learning,Python|Databricks|Git|Azure|C++,https://pl.linkedin.com/jobs/view/data-software-engineer-5-%E2%80%94-system-insights-productivity-metrics-at-netflix-4435900381?trk=public_jobs_topcard-title
4436092384,System Engineer III,IGT,Warsaw,mid,Full-time,Other,Gambling Facilities and Casinos,2026-07-06T00:00:00.000Z,13,SQL,Python|PySpark|Databricks|Git|Machine Learning|Azure|C++,https://pl.linkedin.com/jobs/view/system-engineer-iii-at-igt-4436092384?trk=public_jobs_topcard-title
4436181094,Senior Data Platform Engineer,BioSpace,Warsaw,senior,Full-time,Engineering and Information Technology,Internet News,2026-07-03T00:00:00.000Z,63,Python|SQL|PySpark|Databricks|Machine Learning,Git|Azure|C++,https://pl.linkedin.com/jobs/view/senior-data-platform-engineer-at-biospace-4436181094?trk=public_jobs_topcard-title
4436423554,Platform Engineer - ERP Data Platform,Roche,Warsaw,mid,Full-time,Information Technology,"Pharmaceutical Manufacturing, Biotechnology Research, and Medical Equipment Manufacturing",2026-07-02T00:00:00.000Z,25,SQL|Azure,Python|PySpark|Databricks|Git|Machine Learning|C++,https://pl.linkedin.com/jobs/view/platform-engineer-erp-data-platform-at-roche-4436423554?trk=public_jobs_topcard-title
4436631008,Software Engineer 5— Platform Modernization Engineering,Netflix,Warsaw,unspecified,Full-time,Other,Entertainment Providers,2026-07-10T00:00:00.000Z,13,Python,SQL|PySpark|Databricks|Git|Machine Learning|Azure|C++,https://pl.linkedin.com/jobs/view/software-engineer-5%E2%80%94-platform-modernization-engineering-at-netflix-4436631008?trk=public_jobs_topcard-title
4436739625,Senior Data Engineer,Luxoft Poland,Warsaw,senior,Full-time,"Information Technology, Consulting, and Project Management",IT Services and IT Consulting,2026-07-03T00:00:00.000Z,25,Python|SQL,PySpark|Databricks|Git|Machine Learning|Azure|C++,https://pl.linkedin.com/jobs/view/%F0%9F%9F%A0senior-data-engineer%F0%9F%9F%A0-at-luxoft-poland-4436739625?trk=public_jobs_topcard-title
4436818337,Senior Data Engineer,Nearmap,Warsaw,senior,Full-time,"Production, Distribution, and Engineering",Software Development and IT Services and IT Consulting,2026-07-07T00:00:00.000Z,25,Python|SQL,PySpark|Databricks|Git|Machine Learning|Azure|C++,https://pl.linkedin.com/jobs/view/senior-data-engineer-at-nearmap-4436818337?trk=public_jobs_topcard-title
4437024128,Senior Software Engineer,EasyPark,Warsaw,senior,Other,Engineering and Information Technology,IT Services and IT Consulting,2026-06-29T00:00:00.000Z,13,Git,Python|SQL|PySpark|Databricks|Machine Learning|Azure|C++,https://pl.linkedin.com/jobs/view/senior-software-engineer-at-easypark-4437024128?trk=public_jobs_topcard-title
4437422959,"Machine Learning Engineer, Consumer Alliance",HelloFresh,Warsaw,unspecified,Full-time,Engineering and Information Technology,Consumer Services,2026-07-06T00:00:00.000Z,38,Python|PySpark|Machine Learning,SQL|Databricks|Git|Azure|C++,https://pl.linkedin.com/jobs/view/machine-learning-engineer-consumer-alliance-at-hellofresh-4437422959?trk=public_jobs_topcard-title
4437571699,SQL Developer/ Data Engineer,IT Factory,Warsaw,unspecified,Full-time,Other,IT Services and IT Consulting,2026-07-09T00:00:00.000Z,50,SQL|PySpark|Databricks|Azure,Python|Git|Machine Learning|C++,https://pl.linkedin.com/jobs/view/sql-developer-data-engineer-at-it-factory-4437571699?trk=public_jobs_topcard-title
4438201903,Software Engineer Frontend,Microsoft,Warsaw,unspecified,Full-time,Engineering and Information Technology,Software Development,2026-07-08T00:00:00.000Z,63,Python|SQL|Git|Azure|C++,PySpark|Databricks|Machine Learning,https://pl.linkedin.com/jobs/view/software-engineer-frontend-at-microsoft-4438201903?trk=public_jobs_topcard-title
4438283130,Snowflake AI Engineer,Infinite Services,Warsaw,mid,Full-time,Engineering,IT Services and IT Consulting,2026-07-08T00:00:00.000Z,50,Python|SQL|Git|Azure,PySpark|Databricks|Machine Learning|C++,https://pl.linkedin.com/jobs/view/snowflake-ai-engineer-at-infinite-services-4438283130?trk=public_jobs_topcard-title
4438319923,"Software Engineer III, AI/ML Cloud",Google,Warsaw,unspecified,Full-time,Information Technology and Engineering,"Information Services and Technology, Information and Internet",2026-07-10T00:00:00.000Z,38,Python|Machine Learning|C++,SQL|PySpark|Databricks|Git|Azure,https://pl.linkedin.com/jobs/view/software-engineer-iii-ai-ml-cloud-at-google-4438319923?trk=public_jobs_topcard-title
4438326687,(Junior or Mid) Data Engineer with Snowflake,Aviva,Warsaw,junior,Full-time,Information Technology,Insurance,2026-07-10T00:00:00.000Z,38,Python|Git|Azure,SQL|PySpark|Databricks|Machine Learning|C++,https://pl.linkedin.com/jobs/view/junior-or-mid-data-engineer-with-snowflake-at-aviva-4438326687?trk=public_jobs_topcard-title
4438608213,Senior Python Data Scraping Engineer (Freelance),Mindrift,Warsaw,senior,Part-time,Other,IT Services and IT Consulting,2026-07-09T00:00:00.000Z,25,Python|Git,SQL|PySpark|Databricks|Machine Learning|Azure|C++,https://pl.linkedin.com/jobs/view/senior-python-data-scraping-engineer-freelance-at-mindrift-4438608213?trk=public_jobs_topcard-title
4438646796,Senior Data Engineer - Internal Measurement,Samba,Warsaw,senior,Full-time,Information Technology,"Technology, Information and Internet",2026-07-09T00:00:00.000Z,50,Python|SQL|PySpark|Databricks,Git|Machine Learning|Azure|C++,https://pl.linkedin.com/jobs/view/senior-data-engineer-internal-measurement-at-samba-4438646796?trk=public_jobs_topcard-title
4438683597,Data Engineer Tech Lead,Sanoma Learning,Warsaw,senior,Contract,Information Technology,E-learning,2026-07-09T00:00:00.000Z,38,Python|SQL|PySpark,Databricks|Git|Machine Learning|Azure|C++,https://pl.linkedin.com/jobs/view/data-engineer-tech-lead-at-sanoma-learning-4438683597?trk=public_jobs_topcard-title
4438801492,Senior Data Engineer,Nordea,Warsaw,senior,Full-time,Information Technology,Banking,2026-07-09T00:00:00.000Z,13,SQL,Python|PySpark|Databricks|Git|Machine Learning|Azure|C++,https://pl.linkedin.com/jobs/view/senior-data-engineer-at-nordea-4438801492?trk=public_jobs_topcard-title
4438822695,Senior Python Developer (CIB Treasury) - Vice President,JPMorganChase,Warsaw,senior,Full-time,Engineering and Information Technology,Financial Services,2026-07-09T00:00:00.000Z,63,Python|SQL|Databricks|Git|Machine Learning,PySpark|Azure|C++,https://pl.linkedin.com/jobs/view/senior-python-developer-cib-treasury-vice-president-at-jpmorganchase-4438822695?trk=public_jobs_topcard-title
4438899640,Senior Data Engineer (Dataiku DSS platform),DCG,Warsaw,senior,Full-time,Information Technology,Software Development,2026-07-10T00:00:00.000Z,50,Python|SQL|Databricks|Machine Learning,PySpark|Git|Azure|C++,https://pl.linkedin.com/jobs/view/senior-data-engineer-dataiku-dss-platform-at-dcg-4438899640?trk=public_jobs_topcard-title
4438936559,Graduate AI software engineer,Bending Spoons,Warsaw,junior,Full-time,Engineering and Information Technology,Software Development,2026-07-11T00:00:00.000Z,13,Python,SQL|PySpark|Databricks|Git|Machine Learning|Azure|C++,https://pl.linkedin.com/jobs/view/graduate-ai-software-engineer-at-bending-spoons-4438936559?trk=public_jobs_topcard-title
4439057704,Data Engineer,GamblingCareers.com,Warsaw,unspecified,Full-time,Information Technology,Gambling Facilities and Casinos,2026-07-10T00:00:00.000Z,75,Python|SQL|PySpark|Databricks|Machine Learning|Azure,Git|C++,https://pl.linkedin.com/jobs/view/data-engineer-at-gamblingcareers-com-4439057704?trk=public_jobs_topcard-title
4439315362,"Analytics Engineer (DBT, BigQuery)",Box,Warsaw,mid,Full-time,Engineering,"Construction, Software Development, and IT Services and IT Consulting",2026-07-10T00:00:00.000Z,38,Python|SQL|Machine Learning,PySpark|Databricks|Git|Azure|C++,https://pl.linkedin.com/jobs/view/analytics-engineer-dbt-bigquery-at-box-4439315362?trk=public_jobs_topcard-title
4439393875,"Research Engineer, Data Infrastructure",Mistral,Warsaw,unspecified,Full-time,Engineering and Information Technology,"Technology, Information and Internet",2026-07-11T00:00:00.000Z,13,Python,SQL|PySpark|Databricks|Git|Machine Learning|Azure|C++,https://pl.linkedin.com/jobs/view/research-engineer-data-infrastructure-at-mistral-4439393875?trk=public_jobs_topcard-title
4439575012,Praca SQL / ETL Developer,Rex Support Group Foundation,Warsaw,unspecified,Full-time,Business Development and Sales,Professional Training and Coaching,2026-07-11T00:00:00.000Z,13,SQL,Python|PySpark|Databricks|Git|Machine Learning|Azure|C++,https://pl.linkedin.com/jobs/view/praca-sql-etl-developer-at-rex-support-group-foundation-4439575012?trk=public_jobs_topcard-title
